id,first_name,last_name,email,gender,ip_address
1,Roseline,Clelle,rclelle0@virginia.edu,Female,27.131.85.103
2,Evangelina,Dibner,edibner1@qq.com,Female,112.56.83.68
3,Morten,Christin,mchristin2@accuweather.com,Male,187.111.1.81
4,Ezmeralda,Franzonetti,efranzonetti3@google.com.br,Female,181.85.195.224
5,Lorine,Jenkins,ljenkins4@tripod.com,Female,11.41.68.207
6,Alexis,Gerson,agerson5@adobe.com,Female,207.237.11.115
7,Barnabas,Roelofsen,broelofsen6@dailymotion.com,Male,255.174.118.34
8,Collie,Pinsent,cpinsent7@ezinearticles.com,Female,167.200.69.149
9,Chantal,Clappison,cclappison8@theguardian.com,Female,52.61.89.38
10,Nickie,Enocksson,nenocksson9@netvibes.com,Female,113.190.111.62
11,Bridgette,Elstow,belstowa@ustream.tv,Female,14.156.182.42
12,Angeline,Stanborough,astanboroughb@berkeley.edu,Female,145.107.222.123
13,Karee,Ubach,kubachc@abc.net.au,Female,174.187.61.21
14,Victoria,Barnwill,vbarnwilld@mail.ru,Female,228.62.143.218
15,Lorri,Drinkel,ldrinkele@constantcontact.com,Female,65.73.169.235
16,Bevan,Bosson,bbossonf@php.net,Male,104.38.82.7
17,Alberta,Spaight,aspaightg@moonfruit.com,Female,87.55.88.222
18,Carmon,Tidbold,ctidboldh@jugem.jp,Female,86.160.160.163
19,Rhoda,Merrell,rmerrelli@desdev.cn,Female,151.0.25.28
20,Codi,Gonoude,cgonoudej@dagondesign.com,Female,136.244.144.8
21,Fonz,Pilfold,fpilfoldk@ebay.com,Male,101.206.213.60
22,Rubi,Haldin,rhaldinl@nifty.com,Female,237.212.172.240
23,Culley,Tredwell,ctredwellm@bloglovin.com,Male,182.12.190.5
24,Phelia,Catlow,pcatlown@scribd.com,Female,68.161.229.0
25,Alfy,Reppaport,areppaporto@woothemes.com,Male,48.47.255.161
26,Averyl,Fradson,afradsonp@umich.edu,Female,162.6.195.81
27,Kathe,Breitler,kbreitlerq@youtube.com,Female,228.205.205.73
28,Garnette,Ferras,gferrasr@wikimedia.org,Female,185.167.248.159
29,Aviva,Strowan,astrowans@amazon.co.uk,Female,56.184.114.182
30,Emmaline,Clashe,eclashet@dedecms.com,Female,9.50.121.106
31,Darb,Honeyghan,dhoneyghanu@ucsd.edu,Male,39.112.43.66
32,Pasquale,Flatley,pflatleyv@nbcnews.com,Male,7.163.204.118
33,Casey,Baggs,cbaggsw@nymag.com,Female,228.103.175.254
34,Kora,Sivell,ksivellx@guardian.co.uk,Female,106.180.206.119
35,Nertie,Rayworth,nrayworthy@purevolume.com,Female,160.61.130.158
36,Gillian,Daid,gdaidz@shutterfly.com,Female,190.22.75.46
37,Fiann,Turnor,fturnor10@jiathis.com,Female,119.131.142.21
38,Asher,Timmermann,atimmermann11@sogou.com,Male,85.110.226.223
39,Catrina,Balfour,cbalfour12@dmoz.org,Female,23.236.196.14
40,Vito,Brine,vbrine13@hostgator.com,Male,31.135.29.172
41,Analiese,Sutworth,asutworth14@indiatimes.com,Female,202.191.64.95
42,Nadia,Aylett,naylett15@ebay.co.uk,Female,240.36.165.164
43,Celka,Baudi,cbaudi16@mlb.com,Female,71.104.116.61
44,Ian,Overthrow,ioverthrow17@nydailynews.com,Male,227.11.167.38
45,Moise,Divis,mdivis18@exblog.jp,Male,83.219.204.215
46,Claire,Tricker,ctricker19@springer.com,Female,167.76.67.110
47,Muhammad,Zohrer,mzohrer1a@joomla.org,Male,72.18.60.130
48,Lazare,Stobbs,lstobbs1b@globo.com,Male,60.198.88.28
49,Fredric,Westmarland,fwestmarland1c@cbslocal.com,Male,219.130.43.138
50,Aubree,Bole,abole1d@oracle.com,Female,229.163.16.66
51,Amelia,Latchmore,alatchmore1e@hatena.ne.jp,Female,146.174.45.153
52,Bernardine,Abrahamsohn,babrahamsohn1f@springer.com,Female,3.129.4.61
53,Hendrick,Aarons,haarons1g@sohu.com,Male,147.183.49.42
54,Pammie,Cominoli,pcominoli1h@usa.gov,Female,105.66.58.230
55,Moe,Lowbridge,mlowbridge1i@digg.com,Male,43.27.62.213
56,Arel,Kettlestring,akettlestring1j@cbsnews.com,Male,195.224.152.112
57,Cristal,Bottleson,cbottleson1k@wix.com,Female,252.216.88.4
58,Wally,McVee,wmcvee1l@deliciousdays.com,Female,43.119.1.252
59,Bonnee,Feirn,bfeirn1m@dedecms.com,Female,164.91.42.8
60,Luelle,Niblett,lniblett1n@biblegateway.com,Female,165.34.211.125
61,Iosep,O'Doogan,iodoogan1o@auda.org.au,Male,96.202.2.27
62,Liane,Blagdon,lblagdon1p@a8.net,Female,156.155.184.193
63,Yorgos,Petrushka,ypetrushka1q@salon.com,Male,60.69.174.13
64,Ignaz,McCue,imccue1r@technorati.com,Male,166.44.216.235
65,Jephthah,Suddaby,jsuddaby1s@icio.us,Male,102.234.1.107
66,Jerad,Seiter,jseiter1t@boston.com,Male,3.124.137.242
67,Aigneis,Lamey,alamey1u@clickbank.net,Female,98.221.238.146
68,Darius,Hullot,dhullot1v@xinhuanet.com,Male,102.13.54.37
69,Cullen,Olek,colek1w@hugedomains.com,Male,104.97.174.61
70,Elva,Leathwood,eleathwood1x@cloudflare.com,Female,161.90.210.164
71,Abbe,Wedgwood,awedgwood1y@bloglovin.com,Male,59.235.36.156
72,Harmon,McColley,hmccolley1z@tinypic.com,Male,24.232.97.150
73,Michelle,Hindrich,mhindrich20@shop-pro.jp,Female,150.150.59.215
74,Savina,Sima,ssima21@gizmodo.com,Female,74.187.182.219
75,Brandais,Rosenauer,brosenauer22@toplist.cz,Female,134.113.57.223
76,Con,Halfhyde,chalfhyde23@barnesandnoble.com,Male,127.252.241.11
77,Robbie,Simonel,rsimonel24@cafepress.com,Female,169.117.142.169
78,Timothy,Lay,tlay25@europa.eu,Male,186.214.191.27
79,Dedra,Heeney,dheeney26@4shared.com,Female,182.67.172.175
80,North,Tolchar,ntolchar27@youtu.be,Male,55.44.131.184
81,Erina,Statersfield,estatersfield28@globo.com,Female,167.115.186.109
82,Clemmie,Horsley,chorsley29@github.io,Female,36.200.232.198
83,Hedwig,Mockett,hmockett2a@pen.io,Female,57.71.161.153
84,Rowe,Loan,rloan2b@icq.com,Female,106.22.207.234
85,Janice,Regler,jregler2c@imdb.com,Female,69.201.120.61
86,Taylor,Keam,tkeam2d@disqus.com,Male,29.21.75.110
87,Quentin,Brunel,qbrunel2e@cbslocal.com,Male,54.158.254.10
88,Corby,Wille,cwille2f@narod.ru,Male,229.5.134.233
89,Meg,Barreau,mbarreau2g@ovh.net,Female,213.118.152.70
90,Dagny,Bentall,dbentall2h@dailymail.co.uk,Male,128.178.57.76
91,Jack,Dearnley,jdearnley2i@t.co,Male,1.116.51.114
92,Evangelin,Steuart,esteuart2j@nymag.com,Female,249.23.36.145
93,Dedie,Hayhoe,dhayhoe2k@telegraph.co.uk,Female,157.186.188.182
94,Giusto,Brosh,gbrosh2l@e-recht24.de,Male,193.214.16.77
95,Meridith,Butner,mbutner2m@woothemes.com,Female,93.196.50.205
96,Zorah,Gilardone,zgilardone2n@quantcast.com,Female,170.102.56.10
97,Aldous,Casperri,acasperri2o@bravesites.com,Male,124.59.102.155
98,Lucais,Lumm,llumm2p@google.com.hk,Male,49.219.204.230
99,Perle,Farren,pfarren2q@acquirethisname.com,Female,32.115.16.179
100,Marlin,Gosling,mgosling2r@gnu.org,Male,97.26.83.251
101,Mavis,Menci,mmenci2s@umn.edu,Female,225.90.185.99
102,Eleanor,Chastan,echastan2t@flickr.com,Female,98.111.203.191
103,Demetrius,Nezey,dnezey2u@berkeley.edu,Male,149.39.166.166
104,Haily,Forshaw,hforshaw2v@thetimes.co.uk,Female,137.183.224.156
105,Vivi,Crut,vcrut2w@seattletimes.com,Female,174.246.133.113
106,Phylis,Lattimer,plattimer2x@parallels.com,Female,88.194.214.80
107,Eleonore,Anstey,eanstey2y@tamu.edu,Female,197.16.156.255
108,Elihu,Dugmore,edugmore2z@artisteer.com,Male,29.143.5.37
109,Gonzalo,Glaisner,gglaisner30@phoca.cz,Male,61.96.168.123
110,Brande,Pykett,bpykett31@ebay.co.uk,Female,14.106.17.107
111,Tatum,Towner,ttowner32@marketwatch.com,Female,7.50.137.198
112,Cirillo,St. Hill,csthill33@flavors.me,Male,229.76.151.146
113,Gerhard,Johnys,gjohnys34@hexun.com,Male,27.68.86.50
114,Jarid,Kitchinham,jkitchinham35@reddit.com,Male,148.112.202.179
115,Annice,Kelsall,akelsall36@t-online.de,Female,229.220.47.177
116,Kendall,Marconi,kmarconi37@cornell.edu,Male,92.218.55.113
117,Rochette,Adamovsky,radamovsky38@angelfire.com,Female,17.56.166.11
118,Cathie,Lathaye,clathaye39@toplist.cz,Female,109.94.180.115
119,Janeczka,Senior,jsenior3a@ibm.com,Female,163.98.11.96
120,Wanda,Renish,wrenish3b@t-online.de,Female,89.201.10.180
121,Cynde,Linzee,clinzee3c@nsw.gov.au,Female,42.57.168.43
122,Duffie,Wewell,dwewell3d@desdev.cn,Male,161.6.217.107
123,Ford,McOnie,fmconie3e@virginia.edu,Male,209.208.28.15
124,Keary,Ellinor,kellinor3f@blogtalkradio.com,Male,82.6.10.99
125,Nealon,Toderbrugge,ntoderbrugge3g@adobe.com,Male,240.68.210.74
126,Garek,Parramore,gparramore3h@spiegel.de,Male,54.212.61.151
127,Guglielmo,Wyrill,gwyrill3i@github.io,Male,6.181.78.221
128,Stacee,Rhubottom,srhubottom3j@ihg.com,Male,194.186.160.188
129,Sergent,Caso,scaso3k@ibm.com,Male,219.58.225.210
130,Aloin,McGucken,amcgucken3l@forbes.com,Male,186.27.98.6
131,Moss,Wherry,mwherry3m@squidoo.com,Male,230.82.248.150
132,Antonietta,O'Hartnedy,aohartnedy3n@altervista.org,Female,31.129.53.218
133,Krissy,Hatrick,khatrick3o@businesswire.com,Female,170.51.192.129
134,Asia,Ruffle,aruffle3p@ning.com,Female,235.74.160.40
135,Cacilia,Eilles,ceilles3q@cbslocal.com,Female,164.225.108.37
136,Janeta,Molyneaux,jmolyneaux3r@purevolume.com,Female,234.59.59.100
137,Steffie,Rubenovic,srubenovic3s@mtv.com,Female,247.91.35.213
138,Amandi,Doget,adoget3t@abc.net.au,Female,187.89.102.98
139,Sauveur,Fores,sfores3u@etsy.com,Male,237.3.99.0
140,Pamelina,Suche,psuche3v@sogou.com,Female,39.165.44.99
141,Stephanie,Brannigan,sbrannigan3w@whitehouse.gov,Female,141.12.189.2
142,Purcell,Harfleet,pharfleet3x@statcounter.com,Male,178.6.96.213
143,Fletch,Jakubovits,fjakubovits3y@purevolume.com,Male,160.122.251.105
144,Doll,Havik,dhavik3z@stumbleupon.com,Female,165.21.251.215
145,Kassie,Vowels,kvowels40@liveinternet.ru,Female,49.223.104.223
146,Alvan,Sprason,asprason41@indiegogo.com,Male,10.241.177.223
147,Rock,Cust,rcust42@oakley.com,Male,114.235.10.114
148,Jannelle,Marzelle,jmarzelle43@dmoz.org,Female,13.61.34.81
149,Carly,Moss,cmoss44@goo.ne.jp,Female,243.167.175.63
150,Sloan,Ganny,sganny45@blogspot.com,Male,39.168.14.79
151,Coreen,McMickan,cmcmickan46@usa.gov,Female,19.188.115.28
152,Thadeus,Orringe,torringe47@tmall.com,Male,115.163.101.37
153,Allyn,O'Donovan,aodonovan48@economist.com,Male,142.140.47.60
154,Thacher,Paddle,tpaddle49@seesaa.net,Male,169.91.208.174
155,Louie,Bearn,lbearn4a@yellowbook.com,Male,136.73.254.100
156,Merlina,Iddens,middens4b@jiathis.com,Female,63.103.159.3
157,Tonye,Lampens,tlampens4c@sfgate.com,Female,220.150.27.130
158,Koren,Ryan,kryan4d@opensource.org,Female,98.205.72.252
159,Augustin,Pashen,apashen4e@mapy.cz,Male,21.103.164.88
160,Clarance,Thomsen,cthomsen4f@paginegialle.it,Male,94.201.237.251
161,Isabelita,Forgie,iforgie4g@gov.uk,Female,184.10.14.155
162,Charley,McCane,cmccane4h@epa.gov,Male,124.143.48.55
163,Katinka,Collick,kcollick4i@smh.com.au,Female,248.227.176.61
164,Tudor,Slidders,tslidders4j@slashdot.org,Male,172.181.253.199
165,Wright,Cowtherd,wcowtherd4k@prnewswire.com,Male,127.177.118.10
166,Jo-anne,Wedgbrow,jwedgbrow4l@bravesites.com,Female,16.205.240.109
167,Leandra,Plessing,lplessing4m@theguardian.com,Female,249.240.45.251
168,Rhona,Rhead,rrhead4n@google.ca,Female,214.70.86.18
169,Padget,Bourke,pbourke4o@wunderground.com,Male,210.192.214.77
170,Ajay,Fouch,afouch4p@usgs.gov,Female,51.26.105.232
171,Curran,Kennelly,ckennelly4q@yelp.com,Male,158.98.81.96
172,Tallou,Willetts,twilletts4r@unesco.org,Female,29.251.19.136
173,Wilhelm,O'Farrell,wofarrell4s@about.com,Male,252.57.254.107
174,Amery,Oughtright,aoughtright4t@discovery.com,Male,63.185.9.47
175,Rene,Coorington,rcoorington4u@yellowpages.com,Female,26.63.154.63
176,Godart,Dougal,gdougal4v@hao123.com,Male,162.205.13.239
177,Kendrick,Scoon,kscoon4w@sakura.ne.jp,Male,204.147.164.151
178,Artemis,Ducaen,aducaen4x@washingtonpost.com,Male,142.153.231.235
179,Lolita,Farncomb,lfarncomb4y@ebay.co.uk,Female,241.36.183.118
180,Kennie,Jurczik,kjurczik4z@dyndns.org,Male,85.135.59.193
181,Theodoric,Blaza,tblaza50@nsw.gov.au,Male,135.248.20.77
182,Horacio,Fischer,hfischer51@shinystat.com,Male,225.29.93.47
183,Aile,Sincock,asincock52@vimeo.com,Female,43.62.50.52
184,Kelvin,Millery,kmillery53@163.com,Male,225.176.57.148
185,Davie,Pauel,dpauel54@springer.com,Male,63.236.241.208
186,Alvis,Oger,aoger55@fema.gov,Male,4.76.122.79
187,Demeter,Franses,dfranses56@tinyurl.com,Female,90.80.61.38
188,Xenos,Georger,xgeorger57@dmoz.org,Male,108.190.210.140
189,Gav,Haggard,ghaggard58@webmd.com,Male,211.68.61.136
190,Bryanty,Brackenridge,bbrackenridge59@hostgator.com,Male,157.27.143.149
191,Ryun,Bertram,rbertram5a@amazon.co.jp,Male,126.0.156.49
192,Abie,Capozzi,acapozzi5b@myspace.com,Male,13.91.110.21
193,Cynthy,Shitliffe,cshitliffe5c@blinklist.com,Female,187.76.17.223
194,Dolf,Dupre,ddupre5d@g.co,Male,191.47.91.68
195,Cletis,Bartolini,cbartolini5e@oracle.com,Male,115.240.17.73
196,Erica,Ramelet,eramelet5f@godaddy.com,Female,242.16.65.19
197,Denni,Montes,dmontes5g@amazonaws.com,Female,72.144.78.114
198,Teri,Mewes,tmewes5h@nydailynews.com,Female,186.203.159.77
199,Dotti,Hollows,dhollows5i@about.me,Female,186.181.104.168
200,May,Gent,mgent5j@smugmug.com,Female,13.133.120.209
201,Pembroke,Measey,pmeasey5k@cocolog-nifty.com,Male,57.81.39.177
202,Fredia,Marchi,fmarchi5l@npr.org,Female,97.222.223.51
203,Mead,Keming,mkeming5m@chronoengine.com,Male,151.160.98.172
204,Jason,Palluschek,jpalluschek5n@digg.com,Male,250.170.65.216
205,Bartie,Halstead,bhalstead5o@google.nl,Male,66.143.126.237
206,Thatch,Richie,trichie5p@cisco.com,Male,68.191.110.248
207,Monika,Melanaphy,mmelanaphy5q@webnode.com,Female,138.230.51.230
208,Kermie,Fumagalli,kfumagalli5r@sbwire.com,Male,180.20.62.191
209,Justine,Hatchett,jhatchett5s@plala.or.jp,Female,57.203.47.188
210,Jason,Stonhewer,jstonhewer5t@skype.com,Male,134.223.220.21
211,Lowell,Goodright,lgoodright5u@google.fr,Male,21.106.72.137
212,Trudi,Nutley,tnutley5v@unblog.fr,Female,27.227.63.212
213,Elbertina,McClymont,emcclymont5w@comcast.net,Female,117.152.254.92
214,Niles,Meany,nmeany5x@netscape.com,Male,70.232.243.182
215,Humbert,Blything,hblything5y@ameblo.jp,Male,96.242.190.47
216,Tades,Duffell,tduffell5z@sohu.com,Male,73.148.139.244
217,Terrell,O'Flaverty,toflaverty60@nhs.uk,Male,221.174.241.171
218,Baryram,Laxe,blaxe61@nbcnews.com,Male,113.149.90.230
219,Lombard,Gunningham,lgunningham62@blogtalkradio.com,Male,116.143.35.146
220,Wash,Goranov,wgoranov63@dmoz.org,Male,203.223.173.28
221,Glynis,Arrigucci,garrigucci64@cnet.com,Female,21.178.133.33
222,Ansell,Suddick,asuddick65@google.fr,Male,100.81.147.75
223,Maribelle,Fearnsides,mfearnsides66@addtoany.com,Female,139.142.111.77
224,Spence,Cornbill,scornbill67@instagram.com,Male,215.176.108.127
225,Alysia,Rockey,arockey68@microsoft.com,Female,224.53.33.42
226,Camala,Edmonstone,cedmonstone69@symantec.com,Female,248.194.248.141
227,Sigismond,Sealey,ssealey6a@bigcartel.com,Male,227.2.75.70
228,Raeann,Gare,rgare6b@163.com,Female,60.229.197.69
229,Genia,Edds,gedds6c@opera.com,Female,73.158.102.31
230,Meredeth,Werlock,mwerlock6d@example.com,Male,60.240.91.137
231,Ezekiel,Fairney,efairney6e@jugem.jp,Male,159.188.131.54
232,Tybi,Husher,thusher6f@redcross.org,Female,89.195.153.44
233,Garnet,Agirre,gagirre6g@cdc.gov,Female,82.6.176.69
234,Ruprecht,Awcock,rawcock6h@theglobeandmail.com,Male,125.62.5.8
235,Trenton,Walisiak,twalisiak6i@cocolog-nifty.com,Male,35.17.237.120
236,Kelly,Gontier,kgontier6j@oaic.gov.au,Male,15.121.91.203
237,Roselia,Jeanin,rjeanin6k@nytimes.com,Female,137.187.165.72
238,Larry,Liven,lliven6l@myspace.com,Male,233.156.125.56
239,Marten,McBeth,mmcbeth6m@yellowpages.com,Male,9.94.26.218
240,Matilde,Du Plantier,mduplantier6n@sogou.com,Female,80.60.92.92
241,Kalil,Paintain,kpaintain6o@ucoz.ru,Male,152.76.106.70
242,Chariot,Saphin,csaphin6p@freewebs.com,Male,197.105.86.92
243,Merl,Elloway,melloway6q@yale.edu,Female,30.218.146.236
244,Blondelle,Plum,bplum6r@nifty.com,Female,40.17.235.161
245,Flory,Govett,fgovett6s@zdnet.com,Female,16.127.224.39
246,Angus,Tooting,atooting6t@jiathis.com,Male,78.75.237.121
247,Fan,Teeney,fteeney6u@addtoany.com,Female,16.237.69.39
248,Verne,Flucker,vflucker6v@cnn.com,Male,158.148.110.28
249,Cthrine,Baiss,cbaiss6w@flickr.com,Female,97.41.97.168
250,Adrian,Ashment,aashment6x@ftc.gov,Male,106.114.184.211
251,Nollie,Killik,nkillik6y@scribd.com,Male,233.206.212.113
252,Persis,Castellan,pcastellan6z@blinklist.com,Female,95.200.130.164
253,Kennett,Sloam,ksloam70@spiegel.de,Male,181.147.149.123
254,Halie,O'Cosgra,hocosgra71@seattletimes.com,Female,61.39.214.40
255,Victoria,Tweedie,vtweedie72@mozilla.com,Female,155.75.67.174
256,Paige,Guitt,pguitt73@devhub.com,Male,105.211.172.170
257,Rosita,Stubbs,rstubbs74@twitpic.com,Female,190.200.153.4
258,Lindon,Scoines,lscoines75@arstechnica.com,Male,165.228.223.236
259,Orbadiah,Louis,olouis76@themeforest.net,Male,45.67.214.225
260,Igor,Casperri,icasperri77@cbslocal.com,Male,91.149.244.123
261,Gonzales,Roskrug,groskrug78@altervista.org,Male,80.151.29.209
262,Bryanty,Bulch,bbulch79@springer.com,Male,241.59.92.173
263,Marybelle,Hebbs,mhebbs7a@is.gd,Female,24.38.64.82
264,Rene,Bampforth,rbampforth7b@xrea.com,Female,117.43.146.215
265,Alison,Gumbley,agumbley7c@state.gov,Female,170.76.39.31
266,Layne,Ervin,lervin7d@homestead.com,Female,113.229.222.165
267,Yolanda,Berkely,yberkely7e@ucoz.com,Female,175.70.20.133
268,Wynnie,Martyn,wmartyn7f@fema.gov,Female,173.25.13.196
269,Beatrix,Bolmann,bbolmann7g@disqus.com,Female,234.53.27.26
270,Beatriz,Hesey,bhesey7h@digg.com,Female,117.149.89.151
271,Barby,Blackwood,bblackwood7i@feedburner.com,Female,222.177.79.112
272,Erasmus,Rosenkrantz,erosenkrantz7j@slate.com,Male,225.120.216.180
273,Fidelity,McGall,fmcgall7k@redcross.org,Female,84.48.46.124
274,Giusto,Aluard,galuard7l@ameblo.jp,Male,68.193.151.173
275,Keslie,Dimeloe,kdimeloe7m@bravesites.com,Female,243.154.46.144
276,Bo,Browett,bbrowett7n@ucla.edu,Male,36.12.124.34
277,Lawry,Claydon,lclaydon7o@europa.eu,Male,233.49.107.147
278,Sidnee,Gaskill,sgaskill7p@timesonline.co.uk,Male,188.10.193.133
279,Harris,Davidou,hdavidou7q@illinois.edu,Male,179.202.142.118
280,Silas,Betty,sbetty7r@cnet.com,Male,157.32.46.160
281,Gorden,Ashforth,gashforth7s@gov.uk,Male,229.109.2.2
282,Allin,Van den Hof,avandenhof7t@barnesandnoble.com,Male,159.32.52.55
283,Cherry,Espinosa,cespinosa7u@theglobeandmail.com,Female,182.63.71.215
284,Morse,Whitsun,mwhitsun7v@irs.gov,Male,40.67.55.34
285,Barr,Dawid,bdawid7w@about.com,Male,38.138.244.88
286,Hayes,Nightingale,hnightingale7x@irs.gov,Male,106.107.21.248
287,Car,Mapledorum,cmapledorum7y@mlb.com,Male,233.98.210.92
288,Gaye,Tackley,gtackley7z@sciencedirect.com,Female,57.92.243.194
289,Chic,Nicholl,cnicholl80@technorati.com,Male,213.160.32.94
290,Fernandina,Clohessy,fclohessy81@jigsy.com,Female,71.227.222.104
291,Merill,Priddy,mpriddy82@slate.com,Male,40.155.132.217
292,Enoch,Leggen,eleggen83@reddit.com,Male,77.60.13.159
293,Al,Maddrah,amaddrah84@blogspot.com,Male,179.2.127.25
294,Janela,Bagshawe,jbagshawe85@slashdot.org,Female,99.150.252.177
295,Clarita,Bracci,cbracci86@tiny.cc,Female,159.0.205.96
296,Xerxes,Cruddas,xcruddas87@berkeley.edu,Male,98.39.230.83
297,Jody,Mobley,jmobley88@netvibes.com,Male,140.158.23.44
298,Teador,Woodland,twoodland89@woothemes.com,Male,212.11.92.128
299,Dori,Ivanitsa,divanitsa8a@cpanel.net,Female,167.108.21.68
300,Rube,Dumberell,rdumberell8b@hp.com,Male,238.26.44.98
301,Florri,Corgenvin,fcorgenvin8c@over-blog.com,Female,17.241.71.135
302,Tuckie,Inglish,tinglish8d@so-net.ne.jp,Male,252.2.139.30
303,Regan,Furmenger,rfurmenger8e@vinaora.com,Male,208.9.146.4
304,Thom,Recke,trecke8f@go.com,Male,252.66.19.29
305,Bradford,Cruwys,bcruwys8g@ted.com,Male,107.1.230.13
306,Pyotr,Lathleiffure,plathleiffure8h@amazon.com,Male,40.183.232.101
307,Wandis,Date,wdate8i@sfgate.com,Female,74.22.32.15
308,Luciana,Dockrell,ldockrell8j@elegantthemes.com,Female,98.235.31.98
309,Tedi,Assante,tassante8k@rediff.com,Female,178.165.249.252
310,Randa,Whitehurst,rwhitehurst8l@stumbleupon.com,Female,135.107.120.217
311,Irwinn,Oluwatoyin,ioluwatoyin8m@illinois.edu,Male,89.74.108.230
312,Bernadine,Welbelove,bwelbelove8n@marketwatch.com,Female,200.4.126.30
313,Ailsun,Yarrell,ayarrell8o@merriam-webster.com,Female,234.55.252.242
314,Truda,Yves,tyves8p@upenn.edu,Female,183.111.181.89
315,Alvera,Davidov,adavidov8q@so-net.ne.jp,Female,22.195.197.33
316,Celie,Skupinski,cskupinski8r@hud.gov,Female,145.156.117.88
317,Mauricio,Jago,mjago8s@vk.com,Male,211.237.198.155
318,Bax,Pevreal,bpevreal8t@uol.com.br,Male,99.148.179.243
319,Tirrell,Ruppertz,truppertz8u@earthlink.net,Male,64.169.13.230
320,Kenneth,Redhouse,kredhouse8v@woothemes.com,Male,173.124.244.127
321,Angela,Schoolcroft,aschoolcroft8w@foxnews.com,Female,195.231.27.214
322,Meris,Grinin,mgrinin8x@adobe.com,Female,224.60.202.151
323,Fidelio,Engel,fengel8y@cocolog-nifty.com,Male,100.105.117.183
324,Wolfgang,Darinton,wdarinton8z@mac.com,Male,166.12.188.39
325,Nikolos,De L'Isle,ndelisle90@free.fr,Male,94.245.87.136
326,Thom,Plumbley,tplumbley91@timesonline.co.uk,Male,139.69.95.31
327,Devora,Nickoles,dnickoles92@vinaora.com,Female,245.254.194.27
328,Mano,Hugin,mhugin93@mashable.com,Male,207.118.85.226
329,Hastie,Mendenhall,hmendenhall94@liveinternet.ru,Male,127.45.95.92
330,Electra,Stockton,estockton95@reference.com,Female,156.35.110.177
331,Jelene,Margerrison,jmargerrison96@behance.net,Female,145.33.9.54
332,Goldia,Brettell,gbrettell97@bbb.org,Female,149.66.125.209
333,Christiano,Cutridge,ccutridge98@geocities.jp,Male,180.236.226.186
334,Kalvin,Jasper,kjasper99@chron.com,Male,60.168.119.84
335,Jan,Derham,jderham9a@slate.com,Female,134.156.116.31
336,Erhard,Neligan,eneligan9b@indiegogo.com,Male,141.21.112.220
337,Sterling,Velti,svelti9c@theatlantic.com,Male,30.9.80.31
338,Norris,Simenel,nsimenel9d@blinklist.com,Male,226.62.50.113
339,Mateo,Kohrt,mkohrt9e@wikispaces.com,Male,20.160.125.6
340,Brianne,Dradey,bdradey9f@vimeo.com,Female,255.2.177.36
341,Diandra,Franciotti,dfranciotti9g@mail.ru,Female,26.222.72.206
342,Christopher,Fleet,cfleet9h@elpais.com,Male,163.203.221.2
343,Kaylee,Thomkins,kthomkins9i@deliciousdays.com,Female,250.199.248.175
344,Aleen,Calliss,acalliss9j@posterous.com,Female,152.65.48.101
345,Jennette,Pointin,jpointin9k@example.com,Female,2.113.80.233
346,Claiborn,Effaunt,ceffaunt9l@twitter.com,Male,177.204.117.132
347,Farrell,Fidge,ffidge9m@networkadvertising.org,Male,111.244.45.38
348,Juliane,Rodenborch,jrodenborch9n@nationalgeographic.com,Female,157.74.73.146
349,Myra,Gostridge,mgostridge9o@jimdo.com,Female,176.65.163.94
350,Guenevere,Gavigan,ggavigan9p@artisteer.com,Female,216.170.11.24
351,Demetris,Sargent,dsargent9q@cnn.com,Female,49.92.189.129
352,Ericha,Mainz,emainz9r@wired.com,Female,106.219.234.41
353,Georgie,Fathers,gfathers9s@indiatimes.com,Male,100.85.124.244
354,Karin,Gauld,kgauld9t@cdbaby.com,Female,114.51.217.179
355,Matias,Madgewick,mmadgewick9u@zdnet.com,Male,242.124.152.86
356,Lane,Skells,lskells9v@cbc.ca,Female,44.181.169.109
357,Roseanna,Betteney,rbetteney9w@nasa.gov,Female,146.75.17.210
358,Marrissa,Boland,mboland9x@ebay.co.uk,Female,96.83.114.50
359,Beckie,Barltrop,bbarltrop9y@wikispaces.com,Female,117.23.10.14
360,Merrel,Tanzig,mtanzig9z@craigslist.org,Male,59.44.119.251
361,Selia,Daveran,sdaverana0@wsj.com,Female,52.170.118.97
362,Lola,Stallybrass,lstallybrassa1@mapquest.com,Female,15.100.247.47
363,Gauthier,Bullar,gbullara2@arizona.edu,Male,222.217.10.2
364,Alix,Harbottle,aharbottlea3@lycos.com,Male,178.237.67.156
365,Elwood,Barribal,ebarribala4@sciencedaily.com,Male,82.150.190.15
366,Case,Sange,csangea5@yellowbook.com,Male,49.30.57.32
367,Vernice,Cluet,vclueta6@accuweather.com,Female,241.206.77.96
368,Madelene,Cartmale,mcartmalea7@phpbb.com,Female,28.53.155.151
369,Danyette,Jerger,djergera8@google.com.au,Female,135.1.41.118
370,Madeline,Berens,mberensa9@gravatar.com,Female,139.140.249.116
371,Madison,Rowsell,mrowsellaa@purevolume.com,Male,30.174.166.194
372,Josy,Beavon,jbeavonab@theatlantic.com,Female,228.228.169.3
373,Donia,Siddons,dsiddonsac@ted.com,Female,189.93.182.126
374,Doris,Cambridge,dcambridgead@chicagotribune.com,Female,87.243.27.92
375,Jimmy,Imrie,jimrieae@ted.com,Male,98.30.115.249
376,Fern,O'Rafferty,foraffertyaf@free.fr,Female,187.36.220.135
377,Katrine,Grenfell,kgrenfellag@toplist.cz,Female,7.105.187.200
378,Janeen,Kingsnode,jkingsnodeah@ow.ly,Female,27.57.50.26
379,Donella,Kornilov,dkornilovai@bravesites.com,Female,184.42.0.19
380,Korie,Powis,kpowisaj@globo.com,Female,175.42.211.131
381,Mickey,Baszkiewicz,mbaszkiewiczak@cam.ac.uk,Male,16.104.153.161
382,Damon,Volage,dvolageal@utexas.edu,Male,39.201.149.117
383,Ermanno,Grigoliis,egrigoliisam@goo.gl,Male,68.193.160.67
384,Brockie,Aylward,baylwardan@dion.ne.jp,Male,34.181.117.137
385,Arleta,Piddlesden,apiddlesdenao@barnesandnoble.com,Female,78.43.164.235
386,Normy,Endrici,nendriciap@rakuten.co.jp,Male,3.249.27.165
387,Piotr,Ollett,pollettaq@usda.gov,Male,241.72.173.25
388,Irvin,Dunks,idunksar@storify.com,Male,220.254.227.110
389,Carlota,Quene,cqueneas@ehow.com,Female,197.170.100.237
390,Angelita,MacIlriach,amacilriachat@cafepress.com,Female,5.147.154.97
391,Dru,Petrasch,dpetraschau@webs.com,Female,26.112.172.61
392,Luciano,Semour,lsemourav@phoca.cz,Male,211.123.240.187
393,Hollyanne,Daugherty,hdaughertyaw@taobao.com,Female,25.220.17.81
394,Alex,Venturoli,aventuroliax@flickr.com,Male,65.255.182.203
395,Bonnibelle,Waddie,bwaddieay@bloglines.com,Female,177.94.165.195
396,Glyn,Reggio,greggioaz@squidoo.com,Male,18.180.67.223
397,Jimmy,Tremathack,jtremathackb0@home.pl,Male,239.112.19.208
398,Franzen,Lavery,flaveryb1@ustream.tv,Male,208.113.173.255
399,Tobye,Westcott,twestcottb2@pcworld.com,Female,124.163.253.36
400,Darin,Benez,dbenezb3@ning.com,Male,242.183.5.141
401,Titus,Lailey,tlaileyb4@sbwire.com,Male,172.82.106.28
402,Sven,Natwick,snatwickb5@ted.com,Male,216.130.33.213
403,Sherlock,O'Currigan,socurriganb6@census.gov,Male,166.3.198.15
404,Valdemar,Lubeck,vlubeckb7@nydailynews.com,Male,36.97.55.12
405,Devlin,Yorke,dyorkeb8@chronoengine.com,Male,177.138.100.105
406,Charlotte,Lobley,clobleyb9@exblog.jp,Female,69.198.143.238
407,Gayle,Mashal,gmashalba@slashdot.org,Female,144.97.8.190
408,Eugenius,Wigglesworth,ewigglesworthbb@issuu.com,Male,25.220.249.129
409,Adolpho,Toffano,atoffanobc@unesco.org,Male,84.1.195.17
410,Humbert,Gissing,hgissingbd@mayoclinic.com,Male,4.159.242.196
411,Bernadina,Blowin,bblowinbe@bluehost.com,Female,137.161.38.75
412,Paton,Sugarman,psugarmanbf@un.org,Male,227.146.24.211
413,Cass,Colleton,ccolletonbg@wikimedia.org,Male,162.12.234.19
414,Malva,Lumbers,mlumbersbh@economist.com,Female,86.209.40.100
415,Harmonia,Landreth,hlandrethbi@earthlink.net,Female,206.66.204.255
416,Deana,Sanbroke,dsanbrokebj@nsw.gov.au,Female,30.168.110.29
417,Angel,Petroulis,apetroulisbk@prnewswire.com,Male,100.94.200.129
418,Noellyn,O'Cahsedy,nocahsedybl@wikia.com,Female,250.42.19.33
419,Lynnell,Lehrle,llehrlebm@arizona.edu,Female,210.191.116.202
420,Linus,De Pero,ldeperobn@ebay.co.uk,Male,0.84.0.119
421,Blakeley,Iannetti,biannettibo@sun.com,Female,193.99.109.104
422,Dex,Gummary,dgummarybp@g.co,Male,62.141.139.222
423,Cori,Swindlehurst,cswindlehurstbq@bizjournals.com,Female,151.176.206.43
424,Hurley,Storcke,hstorckebr@netlog.com,Male,254.130.91.9
425,Royall,Dumingos,rdumingosbs@who.int,Male,152.129.14.56
426,Marlena,Flippelli,mflippellibt@mediafire.com,Female,210.50.239.200
427,Cilka,Weild,cweildbu@gmpg.org,Female,129.142.8.15
428,Maurie,Wolfendell,mwolfendellbv@youtu.be,Male,119.90.105.83
429,Britteny,Northam,bnorthambw@cmu.edu,Female,192.102.78.217
430,Nathanial,Gittings,ngittingsbx@arstechnica.com,Male,218.128.247.190
431,Krystal,Dedman,kdedmanby@bloomberg.com,Female,249.154.22.225
432,Bliss,Cran,bcranbz@scribd.com,Female,173.18.85.114
433,Ernestus,Gorry,egorryc0@gmpg.org,Male,216.2.74.33
434,Ibbie,Yabsley,iyabsleyc1@goodreads.com,Female,100.131.90.157
435,Brook,Constable,bconstablec2@scientificamerican.com,Female,222.244.171.203
436,Kippie,Vaszoly,kvaszolyc3@xinhuanet.com,Male,66.79.17.89
437,Lesley,Kruschev,lkruschevc4@mapy.cz,Female,0.3.208.251
438,Cris,Reveland,crevelandc5@deviantart.com,Male,16.199.214.171
439,Susie,Matkin,smatkinc6@blogtalkradio.com,Female,34.183.44.248
440,Erek,Scurrer,escurrerc7@godaddy.com,Male,6.69.166.231
441,Curry,Sigfrid,csigfridc8@tiny.cc,Male,80.228.247.69
442,Avis,Braksper,abraksperc9@so-net.ne.jp,Female,136.237.104.91
443,Dietrich,Obispo,dobispoca@printfriendly.com,Male,120.211.93.153
444,Eleonore,Skeath,eskeathcb@time.com,Female,39.223.88.41
445,Abigael,Commings,acommingscc@godaddy.com,Female,233.125.150.202
446,Hilarius,Braunston,hbraunstoncd@edublogs.org,Male,139.191.30.35
447,Waite,Bowler,wbowlerce@so-net.ne.jp,Male,107.58.110.113
448,Leora,Michelle,lmichellecf@wikipedia.org,Female,8.167.242.112
449,Tadd,Izaks,tizakscg@cyberchimps.com,Male,64.30.102.88
450,Bernelle,Pidgeley,bpidgeleych@cyberchimps.com,Female,57.13.101.161
451,Mari,Cabena,mcabenaci@delicious.com,Female,136.154.12.87
452,Che,Sergean,csergeancj@mashable.com,Male,163.76.240.230
453,Berny,Sineath,bsineathck@nytimes.com,Female,209.115.5.42
454,Petrina,Loraine,plorainecl@hhs.gov,Female,105.95.74.232
455,Filide,Pitrasso,fpitrassocm@deviantart.com,Female,154.225.133.124
456,Annadiane,Jeannequin,ajeannequincn@edublogs.org,Female,252.212.79.59
457,Barrie,Renhard,brenhardco@npr.org,Female,7.118.250.112
458,Brockie,Callum,bcallumcp@youtu.be,Male,47.44.170.106
459,Filippo,Chard,fchardcq@mozilla.org,Male,115.178.88.73
460,Kaylee,Coleman,kcolemancr@deliciousdays.com,Female,88.179.42.246
461,Gherardo,Reader,greadercs@pcworld.com,Male,103.23.111.7
462,Devondra,Bonus,dbonusct@sakura.ne.jp,Female,202.106.63.157
463,Florri,Gullyes,fgullyescu@flickr.com,Female,79.75.93.238
464,Annmarie,Magarrell,amagarrellcv@disqus.com,Female,89.164.176.68
465,Sutherlan,O'Breen,sobreencw@github.com,Male,148.18.62.124
466,Ezri,Vasyunichev,evasyunichevcx@amazon.com,Male,16.85.29.167
467,Susi,Gundrey,sgundreycy@amazon.de,Female,43.43.40.93
468,Humphrey,Coneron,hconeroncz@home.pl,Male,112.140.78.35
469,Brook,Whisson,bwhissond0@etsy.com,Female,75.157.73.58
470,Staci,Paterson,spatersond1@sitemeter.com,Female,69.81.239.231
471,Leonelle,Ridoutt,lridouttd2@toplist.cz,Female,112.222.182.35
472,Vernice,Connick,vconnickd3@samsung.com,Female,208.103.45.221
473,Darice,Harford,dharfordd4@typepad.com,Female,110.239.105.89
474,Benedikta,Tomkinson,btomkinsond5@wix.com,Female,23.81.153.177
475,Alana,Wadley,awadleyd6@patch.com,Female,102.77.246.217
476,Sigmund,Erat,seratd7@seesaa.net,Male,240.217.251.246
477,Lynn,Clancy,lclancyd8@myspace.com,Male,187.93.11.129
478,Jeffie,Bowes,jbowesd9@sciencedirect.com,Male,218.161.244.193
479,Felike,Erdes,ferdesda@boston.com,Male,166.209.27.96
480,Manda,Stallard,mstallarddb@webeden.co.uk,Female,177.59.237.80
481,Lida,Delnevo,ldelnevodc@psu.edu,Female,62.10.155.82
482,Durand,Turn,dturndd@google.com.au,Male,50.230.145.102
483,Tully,Kisar,tkisarde@uol.com.br,Male,139.179.50.52
484,Yance,Ranyell,yranyelldf@sakura.ne.jp,Male,92.136.43.1
485,Hildegaard,Swinburne,hswinburnedg@webeden.co.uk,Female,31.209.43.42
486,Aurelie,Fairpo,afairpodh@barnesandnoble.com,Female,113.66.161.201
487,Kristian,Teers,kteersdi@dropbox.com,Male,205.120.87.107
488,Cletus,Girardez,cgirardezdj@dailymotion.com,Male,30.198.29.94
489,Arabel,Klosges,aklosgesdk@geocities.com,Female,96.194.14.78
490,Joane,Kofax,jkofaxdl@purevolume.com,Female,217.242.250.153
491,Natale,Foyston,nfoystondm@pbs.org,Male,49.147.29.38
492,Vinny,Le - Count,vlecountdn@fc2.com,Female,163.231.16.106
493,Zebedee,Cronshaw,zcronshawdo@blogspot.com,Male,145.50.204.119
494,Halli,Adelman,hadelmandp@ebay.co.uk,Female,244.174.229.134
495,Ede,Bagnold,ebagnolddq@arstechnica.com,Female,181.84.199.196
496,Karalynn,Glazier,kglazierdr@google.ru,Female,47.31.11.230
497,Vite,Wheatley,vwheatleyds@yale.edu,Male,57.118.93.11
498,Elicia,Milne,emilnedt@etsy.com,Female,178.67.150.119
499,Wileen,Aaron,waarondu@marketwatch.com,Female,212.160.150.248
500,Rowland,Hugonet,rhugonetdv@time.com,Male,58.147.47.40
501,Constanta,von Nassau,cvonnassaudw@github.io,Female,246.179.192.158
502,Alfonso,Brimming,abrimmingdx@aboutads.info,Male,228.26.101.196
503,Caty,Santore,csantoredy@goo.gl,Female,195.245.250.207
504,Everett,Maven,emavendz@wufoo.com,Male,98.238.199.249
505,Ezequiel,Connealy,econnealye0@ebay.co.uk,Male,51.185.17.135
506,Nadean,Camfield,ncamfielde1@oracle.com,Female,95.196.96.84
507,Cecilius,Dawson,cdawsone2@tamu.edu,Male,116.163.162.126
508,Mindy,Morfett,mmorfette3@hugedomains.com,Female,202.171.106.49
509,Merrile,Knapper,mknappere4@posterous.com,Female,130.84.152.193
510,Damiano,Chidler,dchidlere5@miitbeian.gov.cn,Male,231.209.218.142
511,Giselbert,Habens,ghabense6@usda.gov,Male,240.149.116.8
512,Alma,Moorhouse,amoorhousee7@mail.ru,Female,120.246.40.130
513,Dane,Signe,dsignee8@1688.com,Male,196.245.79.112
514,Andris,Dunsmuir,adunsmuire9@csmonitor.com,Male,85.91.69.77
515,Jemie,Hatry,jhatryea@nbcnews.com,Female,134.30.194.37
516,Den,Songest,dsongesteb@fastcompany.com,Male,150.63.210.15
517,Eden,Baltrushaitis,ebaltrushaitisec@sakura.ne.jp,Female,210.175.253.172
518,Doralia,Rusbridge,drusbridgeed@xinhuanet.com,Female,213.134.139.172
519,Liv,Verrillo,lverrilloee@miitbeian.gov.cn,Female,220.227.223.161
520,Ferdie,Braddon,fbraddonef@php.net,Male,44.201.138.92
521,Juli,Siret,jsireteg@bloglines.com,Female,233.168.222.21
522,Gaultiero,Gullen,ggulleneh@opensource.org,Male,55.218.182.240
523,Xavier,Pau,xpauei@xrea.com,Male,163.254.17.21
524,Ginnie,Dachey,gdacheyej@techcrunch.com,Female,45.83.27.87
525,Darice,Clifft,dclifftek@merriam-webster.com,Female,192.254.200.108
526,Rosanne,Fairley,rfairleyel@forbes.com,Female,199.126.207.133
527,Nikkie,Rapin,nrapinem@wix.com,Female,46.118.90.107
528,Ermengarde,MacGow,emacgowen@biblegateway.com,Female,226.233.27.29
529,Crosby,Tithecote,ctithecoteeo@adobe.com,Male,193.243.169.42
530,Carmelina,Allbon,callbonep@oracle.com,Female,182.148.135.236
531,Zach,Bartleman,zbartlemaneq@fotki.com,Male,252.22.149.197
532,Brandais,Foucar,bfoucarer@posterous.com,Female,52.145.171.108
533,Hilario,Verrill,hverrilles@biblegateway.com,Male,249.191.108.67
534,Nicholas,Bracey,nbraceyet@dyndns.org,Male,82.34.45.134
535,Parsifal,Sleaford,psleafordeu@wordpress.com,Male,64.100.33.46
536,Erik,Struan,estruanev@theatlantic.com,Male,248.22.92.141
537,Jobyna,Innocenti,jinnocentiew@buzzfeed.com,Female,112.65.83.188
538,Veronique,Dron,vdronex@seesaa.net,Female,14.192.94.19
539,Carly,Willars,cwillarsey@businesswire.com,Female,129.0.101.83
540,Brigit,Clears,bclearsez@ustream.tv,Female,36.135.233.192
541,Nada,Pomphrey,npomphreyf0@mtv.com,Female,151.211.158.228
542,Haywood,Telega,htelegaf1@shop-pro.jp,Male,58.10.145.230
543,Waring,McEllen,wmcellenf2@prnewswire.com,Male,14.221.141.179
544,Walden,Battison,wbattisonf3@epa.gov,Male,144.16.121.137
545,Micheline,Salt,msaltf4@abc.net.au,Female,29.170.186.54
546,Biron,Duhig,bduhigf5@abc.net.au,Male,11.116.79.46
547,Delphinia,Beadnall,dbeadnallf6@ucoz.ru,Female,60.25.165.193
548,Esra,Carwithan,ecarwithanf7@linkedin.com,Male,42.13.192.244
549,Thorstein,Baselio,tbaseliof8@businessinsider.com,Male,235.1.130.200
550,Paula,Zecchetti,pzecchettif9@reuters.com,Female,216.110.175.222
551,Shelley,Mea,smeafa@mapquest.com,Female,72.217.32.101
552,Rik,Archbald,rarchbaldfb@xrea.com,Male,228.255.20.238
553,Husain,Mainds,hmaindsfc@chron.com,Male,3.136.176.230
554,Debera,Fairbard,dfairbardfd@weibo.com,Female,37.12.121.229
555,Homerus,Lettsom,hlettsomfe@bravesites.com,Male,58.171.72.3
556,Lexi,Braunds,lbraundsff@gizmodo.com,Female,250.229.243.218
557,Babbie,Rieger,briegerfg@telegraph.co.uk,Female,39.193.88.244
558,Sloane,Dumbrell,sdumbrellfh@bravesites.com,Male,141.187.124.250
559,Cordi,Newlan,cnewlanfi@illinois.edu,Female,109.146.131.237
560,Fons,Miner,fminerfj@e-recht24.de,Male,151.35.130.3
561,Emeline,Biggerstaff,ebiggerstafffk@pbs.org,Female,22.161.107.206
562,Saree,Croney,scroneyfl@last.fm,Female,109.87.104.93
563,Jeannette,Alvarado,jalvaradofm@wiley.com,Female,96.233.250.40
564,Agosto,Diggell,adiggellfn@theatlantic.com,Male,164.170.220.69
565,Moyra,Lindup,mlindupfo@parallels.com,Female,75.45.174.132
566,Stafani,Tosspell,stosspellfp@bloglovin.com,Female,196.232.120.92
567,Theresina,Le Galle,tlegallefq@mayoclinic.com,Female,198.7.149.42
568,Vic,Josephoff,vjosephofffr@toplist.cz,Male,230.144.173.231
569,Michell,Toner,mtonerfs@npr.org,Female,32.167.247.111
570,Caspar,Deas,cdeasft@vk.com,Male,33.117.11.152
571,Rabbi,Pavia,rpaviafu@meetup.com,Male,20.146.36.227
572,Cherry,Dawltrey,cdawltreyfv@wikipedia.org,Female,92.171.66.223
573,Edwina,Windle,ewindlefw@purevolume.com,Female,215.6.111.145
574,Moshe,MacTeague,mmacteaguefx@bizjournals.com,Male,71.107.161.194
575,Nial,Wardel,nwardelfy@dagondesign.com,Male,161.122.54.105
576,Terri,Gilkes,tgilkesfz@dedecms.com,Female,138.15.73.19
577,Isobel,Loads,iloadsg0@illinois.edu,Female,128.163.48.194
578,Bobbi,Pirkis,bpirkisg1@cargocollective.com,Female,68.187.168.213
579,Brion,Athersmith,bathersmithg2@cpanel.net,Male,27.28.122.220
580,Feliza,Fortnon,ffortnong3@cdc.gov,Female,107.4.46.68
581,Eleni,Kennler,ekennlerg4@epa.gov,Female,75.183.184.66
582,Quentin,Raffels,qraffelsg5@naver.com,Male,74.47.109.9
583,Lori,Jemmison,ljemmisong6@apple.com,Female,132.68.219.185
584,Frannie,Beach,fbeachg7@dailymail.co.uk,Female,182.163.104.44
585,Josephina,Nellen,jnelleng8@sogou.com,Female,53.4.154.84
586,Jenna,Gaish,jgaishg9@nymag.com,Female,52.246.171.199
587,Nikolas,Hacard,nhacardga@plala.or.jp,Male,132.239.238.29
588,Harli,Lorie,hloriegb@noaa.gov,Female,160.238.137.80
589,Aldrich,Povall,apovallgc@reuters.com,Male,167.96.27.60
590,Larine,Meeson,lmeesongd@wiley.com,Female,213.179.110.68
591,Correy,Pillans,cpillansge@jigsy.com,Male,222.218.160.55
592,Gorden,Cookney,gcookneygf@google.cn,Male,208.48.26.33
593,Blondelle,Bottrell,bbottrellgg@tripod.com,Female,129.28.184.2
594,Feodora,Huetson,fhuetsongh@alibaba.com,Female,220.41.162.105
595,Abbe,Testro,atestrogi@ucoz.com,Female,133.150.2.140
596,Elmo,McTague,emctaguegj@google.com,Male,179.124.194.249
597,Bradley,Sans,bsansgk@uiuc.edu,Male,76.180.108.162
598,Hedwig,Piel,hpielgl@un.org,Female,119.155.4.142
599,Madelina,Anscombe,manscombegm@mail.ru,Female,102.207.242.192
600,Cort,Prescot,cprescotgn@latimes.com,Male,24.29.213.60
601,Raddy,Havvock,rhavvockgo@t.co,Male,237.237.10.231
602,Garik,Monnelly,gmonnellygp@imageshack.us,Male,181.167.15.50
603,Mata,Como,mcomogq@fastcompany.com,Male,207.69.82.92
604,Asa,Measor,ameasorgr@shop-pro.jp,Male,90.184.85.51
605,Dorolice,Jaggi,djaggigs@loc.gov,Female,37.30.43.61
606,Clim,Charlwood,ccharlwoodgt@slideshare.net,Male,50.74.149.112
607,Carlo,Harrad,charradgu@so-net.ne.jp,Male,216.178.254.14
608,Darius,Fontelles,dfontellesgv@free.fr,Male,211.117.133.43
609,Chevalier,Elcome,celcomegw@vinaora.com,Male,101.101.148.199
610,Erie,Sowersby,esowersbygx@free.fr,Male,53.24.177.213
611,Jasmina,Mudd,jmuddgy@hao123.com,Female,126.163.89.217
612,Kenon,Jzak,kjzakgz@biglobe.ne.jp,Male,253.47.131.39
613,Christian,Mousley,cmousleyh0@chronoengine.com,Male,225.206.165.104
614,Ransell,Scandroot,rscandrooth1@wikispaces.com,Male,162.212.100.239
615,Ernesta,Arstingall,earstingallh2@amazon.de,Female,7.185.187.190
616,Roby,Winterton,rwintertonh3@godaddy.com,Female,26.60.239.250
617,Thaxter,Tomasi,ttomasih4@over-blog.com,Male,176.204.170.164
618,Edithe,Bearsmore,ebearsmoreh5@census.gov,Female,36.100.160.254
619,Nye,Jopling,njoplingh6@telegraph.co.uk,Male,2.219.234.179
620,Zonda,McGeown,zmcgeownh7@people.com.cn,Female,214.193.226.143
621,Dona,Jelphs,djelphsh8@xinhuanet.com,Female,144.89.213.150
622,Avrom,Burstowe,aburstoweh9@edublogs.org,Male,227.70.203.158
623,Rachele,Lamberto,rlambertoha@unblog.fr,Female,237.6.11.70
624,Brit,Veevers,bveevershb@dropbox.com,Male,89.89.110.204
625,James,Ommanney,jommanneyhc@shutterfly.com,Male,245.48.250.117
626,Karrie,Symes,ksymeshd@topsy.com,Female,43.149.102.23
627,Huntley,Feilden,hfeildenhe@ezinearticles.com,Male,183.203.21.228
628,Naomi,Southey,nsoutheyhf@ocn.ne.jp,Female,247.90.42.227
629,Ameline,Attack,aattackhg@nature.com,Female,185.120.33.141
630,Noreen,Clurow,nclurowhh@nifty.com,Female,222.104.147.111
631,Carce,Yusupov,cyusupovhi@paypal.com,Male,52.62.184.223
632,Clerkclaude,Hitchens,chitchenshj@hhs.gov,Male,159.154.80.253
633,Eleanora,Cassin,ecassinhk@un.org,Female,163.117.45.45
634,Jonell,Brazer,jbrazerhl@theatlantic.com,Female,158.111.228.185
635,Iggie,Stockhill,istockhillhm@flavors.me,Male,134.11.60.122
636,Vinni,Barsham,vbarshamhn@google.co.jp,Female,173.87.62.164
637,Leodora,Asche,lascheho@ycombinator.com,Female,223.220.119.188
638,Cloris,Keaves,ckeaveshp@macromedia.com,Female,226.44.84.182
639,Lizzy,Boxhall,lboxhallhq@walmart.com,Female,148.85.244.149
640,Kaitlin,Dochon,kdochonhr@angelfire.com,Female,135.163.176.98
641,Benjie,Larkworthy,blarkworthyhs@alibaba.com,Male,146.116.101.168
642,Ruy,Amor,ramorht@accuweather.com,Male,84.34.1.222
643,Hoebart,Wren,hwrenhu@apache.org,Male,41.202.241.8
644,Camile,Mourant,cmouranthv@uiuc.edu,Female,117.27.239.127
645,Saw,Shottin,sshottinhw@dion.ne.jp,Male,19.152.102.13
646,Merla,Hambelton,mhambeltonhx@gizmodo.com,Female,46.188.108.152
647,Wright,Hamsley,whamsleyhy@a8.net,Male,248.16.25.76
648,Gennie,Raylton,grayltonhz@smugmug.com,Female,206.134.125.133
649,Marline,Du Barry,mdubarryi0@imageshack.us,Female,179.195.35.58
650,Kerk,Tomasi,ktomasii1@netlog.com,Male,133.210.148.110
651,Magda,Critchlow,mcritchlowi2@wp.com,Female,117.192.105.56
652,Laurent,Beagin,lbeagini3@virginia.edu,Male,53.63.90.59
653,Horatius,Madgin,hmadgini4@nature.com,Male,216.16.88.97
654,Kayne,Bayns,kbaynsi5@elegantthemes.com,Male,99.151.243.224
655,Caterina,Verden,cverdeni6@google.es,Female,64.85.6.93
656,Sydney,Lucian,sluciani7@squidoo.com,Female,135.97.172.185
657,Ivory,Cheers,icheersi8@telegraph.co.uk,Female,64.183.157.113
658,Danika,Chisnell,dchisnelli9@yahoo.com,Female,12.101.235.165
659,Shena,McWhannel,smcwhannelia@wp.com,Female,235.104.206.180
660,Willow,Anlay,wanlayib@acquirethisname.com,Female,22.240.112.219
661,Yoko,Leverich,yleverichic@illinois.edu,Female,27.130.42.151
662,Fidelia,Barneville,fbarnevilleid@who.int,Female,248.3.182.92
663,Lona,McInteer,lmcinteerie@e-recht24.de,Female,157.184.205.7
664,Grayce,Huetson,ghuetsonif@fastcompany.com,Female,36.70.21.31
665,Addi,Frankcomb,afrankcombig@intel.com,Female,24.69.176.85
666,Stephan,Dowgill,sdowgillih@furl.net,Male,11.24.90.76
667,Creighton,Juarez,cjuarezii@github.com,Male,18.170.202.128
668,Stevy,Roblin,sroblinij@elegantthemes.com,Male,5.230.144.170
669,Karen,Archanbault,karchanbaultik@nytimes.com,Female,34.55.25.86
670,Stanislas,Greatrex,sgreatrexil@mayoclinic.com,Male,22.119.209.62
671,Odelinda,Ledward,oledwardim@mtv.com,Female,105.24.89.85
672,Dosi,Danzig,ddanzigin@globo.com,Female,27.179.201.56
673,Dasya,Pilfold,dpilfoldio@sfgate.com,Female,110.176.52.201
674,Brice,Stower,bstowerip@nyu.edu,Male,50.28.141.75
675,Coleman,Pieracci,cpieracciiq@abc.net.au,Male,127.66.3.180
676,Giordano,Warden,gwardenir@ca.gov,Male,200.246.158.36
677,Jae,Farge,jfargeis@de.vu,Male,7.1.193.160
678,Maddie,Rakes,mrakesit@cbsnews.com,Male,150.197.13.67
679,Alexio,Petts,apettsiu@uiuc.edu,Male,123.152.141.58
680,Duffie,Coase,dcoaseiv@pagesperso-orange.fr,Male,62.22.165.69
681,Alysa,Rosenzveig,arosenzveigiw@jiathis.com,Female,98.98.203.74
682,Eran,Guyonneau,eguyonneauix@phpbb.com,Female,244.119.172.176
683,Maitilde,Hinrichs,mhinrichsiy@reverbnation.com,Female,173.130.214.209
684,Liuka,Vereker,lverekeriz@blinklist.com,Female,7.116.243.96
685,Emmaline,Valentin,evalentinj0@ihg.com,Female,233.203.49.177
686,Sayre,Joannet,sjoannetj1@wsj.com,Female,53.227.248.134
687,Eugenia,Soppeth,esoppethj2@nps.gov,Female,222.10.69.208
688,Royal,Keedy,rkeedyj3@about.com,Male,226.31.125.245
689,Katy,Gianullo,kgianulloj4@imdb.com,Female,147.89.196.11
690,Dick,MacCrosson,dmaccrossonj5@homestead.com,Male,92.32.85.244
691,Brodie,Stelljes,bstelljesj6@xrea.com,Male,208.119.192.72
692,Harriette,Dubery,hduberyj7@salon.com,Female,244.80.124.235
693,Kinsley,Shanley,kshanleyj8@mozilla.com,Male,251.125.44.14
694,Robbyn,Dome,rdomej9@blogtalkradio.com,Female,87.202.250.165
695,Darcey,Silverstone,dsilverstoneja@nhs.uk,Female,67.152.51.234
696,Sandy,Rontsch,srontschjb@joomla.org,Male,86.141.0.200
697,Milo,Mawne,mmawnejc@newyorker.com,Male,34.96.5.234
698,Aline,Banaszewski,abanaszewskijd@paypal.com,Female,204.175.247.255
699,Giulietta,McAlindon,gmcalindonje@ow.ly,Female,69.155.90.185
700,Torrie,Coltart,tcoltartjf@tiny.cc,Female,247.7.226.23
701,Axe,Kinworthy,akinworthyjg@dropbox.com,Male,151.55.116.216
702,Penny,Horribine,phorribinejh@independent.co.uk,Female,146.151.213.96
703,Mavis,Ansett,mansettji@howstuffworks.com,Female,10.217.98.220
704,Urbain,Seeler,useelerjj@census.gov,Male,105.193.252.122
705,Avery,Tennison,atennisonjk@amazon.de,Male,143.177.132.91
706,Joella,Sample,jsamplejl@npr.org,Female,82.70.108.25
707,Cheri,Deerness,cdeernessjm@smh.com.au,Female,33.111.204.137
708,Asher,Shirrell,ashirrelljn@nps.gov,Male,240.224.63.230
709,Dorisa,Froud,dfroudjo@people.com.cn,Female,168.30.228.50
710,Rosalinde,Urpeth,rurpethjp@soundcloud.com,Female,122.179.55.144
711,Beverlee,Jenckes,bjenckesjq@google.nl,Female,171.137.62.235
712,Mohandis,Iskowicz,miskowiczjr@etsy.com,Male,36.224.169.65
713,Wilhelmina,Johns,wjohnsjs@noaa.gov,Female,210.75.97.15
714,Goober,Tivnan,gtivnanjt@digg.com,Male,115.4.227.79
715,Wilhelmine,Moyser,wmoyserju@unblog.fr,Female,135.144.180.249
716,Earlie,Brimley,ebrimleyjv@123-reg.co.uk,Male,54.21.242.88
717,Kirk,Harley,kharleyjw@edublogs.org,Male,35.12.78.115
718,Carlota,Hanscome,chanscomejx@irs.gov,Female,203.29.80.65
719,Christa,Powder,cpowderjy@istockphoto.com,Female,3.10.207.162
720,Abby,Sudron,asudronjz@twitter.com,Female,112.219.22.215
721,Maddie,Jori,mjorik0@businesswire.com,Male,31.189.58.49
722,Isac,Cullrford,icullrfordk1@ifeng.com,Male,68.48.244.148
723,Fonz,Keniwell,fkeniwellk2@g.co,Male,146.217.186.243
724,Cary,Lumsdall,clumsdallk3@mapy.cz,Male,75.142.189.169
725,Mycah,Tidmarsh,mtidmarshk4@joomla.org,Male,21.66.71.109
726,Currey,Blaschek,cblaschekk5@mozilla.com,Male,154.208.4.132
727,Brier,Rosenfield,brosenfieldk6@prweb.com,Female,26.117.240.24
728,Cordell,Moncreiff,cmoncreiffk7@ycombinator.com,Male,216.92.57.17
729,Ly,Shelper,lshelperk8@youtu.be,Male,135.96.191.12
730,Willy,Bonnesen,wbonnesenk9@woothemes.com,Female,133.83.170.224
731,Sadie,Nottingham,snottinghamka@psu.edu,Female,156.9.144.65
732,Delcine,Nelmes,dnelmeskb@seattletimes.com,Female,252.246.172.252
733,Welby,Bowgen,wbowgenkc@github.io,Male,168.25.168.196
734,Eadie,Waterland,ewaterlandkd@arstechnica.com,Female,89.88.216.174
735,Reinald,Parcall,rparcallke@a8.net,Male,112.10.170.227
736,Amara,Kirman,akirmankf@youtu.be,Female,255.0.214.90
737,Raynard,Greswell,rgreswellkg@com.com,Male,41.16.174.231
738,Pandora,Odlin,podlinkh@ifeng.com,Female,89.47.65.210
739,Keene,Sillis,ksilliski@theatlantic.com,Male,36.63.57.153
740,Beverie,Arnaudot,barnaudotkj@yellowpages.com,Female,76.97.64.175
741,Shay,Stroder,sstroderkk@businesswire.com,Female,146.244.126.172
742,Shaylyn,Dark,sdarkkl@wikispaces.com,Female,38.182.177.58
743,Arlette,Vasser,avasserkm@delicious.com,Female,87.84.96.149
744,Roley,Ferfulle,rferfullekn@sakura.ne.jp,Male,97.81.188.221
745,Ollie,Maffini,omaffiniko@ox.ac.uk,Female,153.150.201.216
746,Quintus,Foulgham,qfoulghamkp@indiegogo.com,Male,215.40.51.3
747,Allegra,Mickleburgh,amickleburghkq@zdnet.com,Female,200.101.155.38
748,Franzen,Soldner,fsoldnerkr@hostgator.com,Male,141.133.162.36
749,Rawley,Bestall,rbestallks@altervista.org,Male,157.237.9.6
750,Klement,Rapier,krapierkt@cloudflare.com,Male,6.133.80.68
751,Geneva,Brownbridge,gbrownbridgeku@nydailynews.com,Female,174.161.191.69
752,Xenos,Guidelli,xguidellikv@icio.us,Male,191.169.69.58
753,Jacobo,Bangle,jbanglekw@dedecms.com,Male,70.189.128.34
754,Isidoro,Matisse,imatissekx@tuttocitta.it,Male,109.8.33.60
755,Rowney,Kembry,rkembryky@cdc.gov,Male,188.60.33.243
756,Bambie,Timlett,btimlettkz@posterous.com,Female,237.143.129.75
757,Agathe,McBean,amcbeanl0@indiatimes.com,Female,192.11.112.237
758,Madelon,Pettet,mpettetl1@techcrunch.com,Female,77.215.39.100
759,Sibel,Whibley,swhibleyl2@tripod.com,Female,72.164.89.32
760,Osbert,Davidow,odavidowl3@vimeo.com,Male,72.238.100.135
761,Cindee,Asker,caskerl4@wsj.com,Female,137.247.130.249
762,Julie,Staniforth,jstaniforthl5@macromedia.com,Male,196.121.1.41
763,Cordula,Spivie,cspiviel6@google.com.au,Female,185.193.141.189
764,Peadar,Yandle,pyandlel7@bizjournals.com,Male,83.235.138.152
765,Giusto,Garrals,ggarralsl8@linkedin.com,Male,85.225.93.45
766,Vonnie,Sammon,vsammonl9@cam.ac.uk,Female,217.209.34.157
767,Fanya,Conichie,fconichiela@google.fr,Female,182.30.166.157
768,Marlow,Statefield,mstatefieldlb@cnet.com,Male,198.150.228.118
769,Lilli,Seymour,lseymourlc@google.es,Female,74.177.79.35
770,Nataline,Scatcher,nscatcherld@house.gov,Female,36.255.204.211
771,Jamima,Backhouse,jbackhousele@nbcnews.com,Female,80.240.56.104
772,Dulsea,Diamant,ddiamantlf@nationalgeographic.com,Female,57.220.52.111
773,Carey,Wrinch,cwrinchlg@amazon.com,Female,30.156.241.86
774,Herrick,McMenamy,hmcmenamylh@bizjournals.com,Male,48.154.118.16
775,Boothe,Cordero,bcorderoli@google.com.au,Male,67.21.7.49
776,Helaina,Ingledew,hingledewlj@hugedomains.com,Female,179.71.168.130
777,Berne,Landman,blandmanlk@example.com,Male,91.192.181.26
778,Hephzibah,Roaf,hroafll@youku.com,Female,226.66.47.237
779,Tome,Domini,tdominilm@eventbrite.com,Male,24.61.108.157
780,Brunhilda,Hopkynson,bhopkynsonln@exblog.jp,Female,188.233.229.52
781,Karel,Emberton,kembertonlo@bbb.org,Male,51.173.229.45
782,Clark,MacCardle,cmaccardlelp@goodreads.com,Male,40.79.34.64
783,Alex,O' Connell,aoconnelllq@dailymail.co.uk,Male,222.81.200.255
784,Appolonia,Wilshin,awilshinlr@hc360.com,Female,12.195.24.64
785,Chrissie,Ketch,cketchls@yahoo.co.jp,Male,219.226.233.52
786,Tuck,Doidge,tdoidgelt@ifeng.com,Male,190.114.187.54
787,Leora,Giacomasso,lgiacomassolu@fc2.com,Female,241.245.12.157
788,Raff,Moyer,rmoyerlv@dmoz.org,Male,111.212.124.185
789,Si,De Maria,sdemarialw@archive.org,Male,31.144.28.81
790,Neysa,Austing,naustinglx@exblog.jp,Female,21.156.93.28
791,Kristel,Swiffin,kswiffinly@usatoday.com,Female,203.155.189.231
792,Kristi,Carlone,kcarlonelz@soundcloud.com,Female,136.186.148.12
793,Templeton,Bloxholm,tbloxholmm0@arstechnica.com,Male,152.178.34.132
794,Hettie,Attrie,hattriem1@nature.com,Female,195.186.3.206
795,Mable,Trangmar,mtrangmarm2@latimes.com,Female,83.202.200.159
796,Shermie,Whittek,swhittekm3@ifeng.com,Male,248.122.64.91
797,Chevy,Braysher,cbraysherm4@oracle.com,Male,138.133.111.166
798,Charmion,Gladdifh,cgladdifhm5@loc.gov,Female,210.173.134.49
799,Eli,Marusik,emarusikm6@unesco.org,Male,88.137.231.167
800,Riley,Hoggan,rhogganm7@ed.gov,Male,164.176.185.170
801,Pearline,Saberton,psabertonm8@house.gov,Female,19.130.131.114
802,Inness,Wychard,iwychardm9@spotify.com,Male,60.255.220.28
803,Brodie,Shemmans,bshemmansma@va.gov,Male,255.180.33.129
804,Kettie,Bantham,kbanthammb@businesswire.com,Female,249.30.119.221
805,Frances,Garrigan,fgarriganmc@economist.com,Female,198.244.184.81
806,Merridie,MacPhaden,mmacphadenmd@simplemachines.org,Female,70.252.248.248
807,Adora,Fairnie,afairnieme@issuu.com,Female,63.103.56.198
808,Tori,Jone,tjonemf@1688.com,Female,60.18.73.195
809,Erica,Unitt,eunittmg@livejournal.com,Female,26.198.76.210
810,Nonah,Aubin,naubinmh@nyu.edu,Female,195.169.202.116
811,Latrina,Parman,lparmanmi@shinystat.com,Female,64.22.158.227
812,Bennie,O'Connolly,boconnollymj@fc2.com,Male,209.81.237.108
813,Tessa,Hark,tharkmk@icio.us,Female,63.82.110.185
814,Shamus,Barnbrook,sbarnbrookml@reddit.com,Male,149.169.62.154
815,Gary,Lucian,glucianmm@e-recht24.de,Male,201.1.130.214
816,Katusha,Playford,kplayfordmn@answers.com,Female,238.61.125.20
817,Sioux,Pendred,spendredmo@1und1.de,Female,242.228.208.154
818,Fawnia,Dedam,fdedammp@instagram.com,Female,155.218.115.147
819,Lidia,Joly,ljolymq@so-net.ne.jp,Female,172.102.88.138
820,Elsie,Fortman,efortmanmr@cdc.gov,Female,225.206.180.206
821,Lanny,Champness,lchampnessms@people.com.cn,Male,38.12.246.239
822,Gery,Matantsev,gmatantsevmt@photobucket.com,Male,32.214.222.94
823,Hillel,Jeaffreson,hjeaffresonmu@squidoo.com,Male,133.33.87.97
824,Collette,Geleman,cgelemanmv@kickstarter.com,Female,149.251.234.246
825,Ame,Weatherup,aweatherupmw@simplemachines.org,Female,117.105.153.26
826,Maryjane,Das,mdasmx@ustream.tv,Female,252.81.5.28
827,Nahum,Kitney,nkitneymy@unicef.org,Male,35.49.46.41
828,Delilah,Lonsbrough,dlonsbroughmz@cpanel.net,Female,109.155.47.69
829,Madelina,Hawlgarth,mhawlgarthn0@behance.net,Female,139.76.209.69
830,Moria,Spritt,msprittn1@typepad.com,Female,96.254.172.120
831,Worden,Fidge,wfidgen2@wunderground.com,Male,199.129.100.103
832,Myron,Leversha,mlevershan3@va.gov,Male,97.242.76.102
833,Brittni,Gearty,bgeartyn4@chicagotribune.com,Female,13.242.63.72
834,Lynnea,Leathart,lleathartn5@pinterest.com,Female,163.143.170.59
835,Itch,Wasson,iwassonn6@hibu.com,Male,184.160.233.92
836,Amity,Clempton,aclemptonn7@mayoclinic.com,Female,93.229.106.129
837,Deedee,Payler,dpaylern8@google.com.br,Female,143.112.68.98
838,Hobart,Gunter,hguntern9@icq.com,Male,151.167.178.231
839,Faythe,Ephgrave,fephgravena@paypal.com,Female,163.187.81.38
840,Mart,Grishechkin,mgrishechkinnb@blinklist.com,Male,27.225.124.113
841,Janean,Hellewell,jhellewellnc@alibaba.com,Female,136.121.3.147
842,Layne,Eagle,leaglend@zimbio.com,Female,241.71.56.68
843,Rawley,Emer,remerne@ca.gov,Male,238.200.227.89
844,Ryan,Malloch,rmallochnf@twitter.com,Male,251.218.9.212
845,Davin,Heardman,dheardmanng@github.io,Male,135.117.129.174
846,Osborne,Alvin,oalvinnh@va.gov,Male,221.95.161.248
847,Verna,Barday,vbardayni@yellowpages.com,Female,62.10.251.85
848,Murial,Iannazzi,miannazzinj@ca.gov,Female,210.229.73.64
849,Tricia,Glazzard,tglazzardnk@g.co,Female,68.210.35.151
850,Corbett,Hodgets,chodgetsnl@ft.com,Male,20.14.31.7
851,Cheryl,Bedboro,cbedboronm@walmart.com,Female,151.67.212.169
852,Rafe,MacSkeagan,rmacskeagannn@constantcontact.com,Male,218.54.143.51
853,Alethea,Newby,anewbyno@addtoany.com,Female,109.36.164.144
854,Louise,Pawelek,lpaweleknp@1und1.de,Female,62.149.124.5
855,Roselin,Opy,ropynq@bloglovin.com,Female,83.89.246.229
856,Shamus,Janata,sjanatanr@constantcontact.com,Male,174.164.1.217
857,Hebert,Reihm,hreihmns@hibu.com,Male,225.94.39.56
858,Florrie,Joynes,fjoynesnt@wordpress.com,Female,21.118.110.21
859,Alyosha,Childs,achildsnu@goodreads.com,Male,173.248.31.55
860,Lazaro,Minthorpe,lminthorpenv@usa.gov,Male,64.81.22.18
861,Karlis,Winwright,kwinwrightnw@surveymonkey.com,Male,3.69.204.225
862,Dinah,Sarten,dsartennx@wired.com,Female,126.152.169.172
863,Adela,Peyro,apeyrony@wix.com,Female,47.23.87.82
864,Kleon,Jeynes,kjeynesnz@pbs.org,Male,240.32.63.70
865,Cedric,Brager,cbragero0@jiathis.com,Male,146.46.195.165
866,Tani,Chapellow,tchapellowo1@addtoany.com,Female,89.111.129.243
867,Hardy,Francesc,hfrancesco2@google.com.au,Male,70.17.45.53
868,Lezlie,Benneyworth,lbenneywortho3@purevolume.com,Female,73.179.19.147
869,Udale,Greest,ugreesto4@cdc.gov,Male,160.38.97.89
870,Jeniffer,Pedder,jpeddero5@independent.co.uk,Female,246.178.177.198
871,Skippy,Wrightim,swrightimo6@ft.com,Male,224.65.196.156
872,Marga,Skehan,mskehano7@homestead.com,Female,105.1.151.197
873,Hayley,Broske,hbroskeo8@cocolog-nifty.com,Female,229.176.217.108
874,Howey,Cursey,hcurseyo9@cdc.gov,Male,60.224.77.154
875,Shanan,Hanrott,shanrottoa@noaa.gov,Male,60.222.28.7
876,Pepi,de Banke,pdebankeob@spotify.com,Female,132.75.201.79
877,Alissa,Deans,adeansoc@gizmodo.com,Female,13.196.36.124
878,Stefa,Smelley,ssmelleyod@washington.edu,Female,142.78.140.71
879,Cariotta,Bleyman,cbleymanoe@reverbnation.com,Female,62.68.90.223
880,Cully,Schoolcroft,cschoolcroftof@salon.com,Male,37.28.194.112
881,Valma,Pentecost,vpentecostog@dailymotion.com,Female,207.126.117.139
882,Gregor,Domelaw,gdomelawoh@hostgator.com,Male,229.12.246.10
883,Valma,Schultze,vschultzeoi@simplemachines.org,Female,253.140.96.53
884,Veronika,Nuzzti,vnuzztioj@woothemes.com,Female,233.173.167.188
885,Tadio,Kohter,tkohterok@jugem.jp,Male,182.125.40.71
886,Dex,Brouwer,dbrouwerol@skype.com,Male,69.194.77.150
887,Nichol,Pether,npetherom@time.com,Female,151.218.56.77
888,Ward,Fernanando,wfernanandoon@microsoft.com,Male,47.218.108.7
889,Sabine,Font,sfontoo@blogtalkradio.com,Female,98.150.187.224
890,Weber,Paget,wpagetop@vistaprint.com,Male,252.221.92.127
891,Jack,Sterte,jsterteoq@state.tx.us,Male,199.103.138.1
892,Denyse,Honniebal,dhonniebalor@guardian.co.uk,Female,199.178.236.54
893,Gabbie,Shillaker,gshillakeros@cnbc.com,Female,112.59.8.108
894,Garwood,Monkhouse,gmonkhouseot@discuz.net,Male,183.174.73.218
895,Olimpia,Mellows,omellowsou@army.mil,Female,206.179.174.157
896,Crissie,Gowland,cgowlandov@furl.net,Female,160.170.199.113
897,Nanice,Gibbin,ngibbinow@multiply.com,Female,163.249.126.14
898,Anallise,Leyban,aleybanox@fda.gov,Female,88.78.103.193
899,Ivonne,Morten,imortenoy@skyrock.com,Female,25.48.134.200
900,Vi,Artz,vartzoz@ucsd.edu,Female,185.95.6.177
901,Noella,Massel,nmasselp0@fotki.com,Female,165.237.75.215
902,Ring,Blei,rbleip1@wikimedia.org,Male,165.164.188.70
903,Bertram,Goolding,bgooldingp2@last.fm,Male,232.193.93.228
904,Berthe,Beaten,bbeatenp3@google.com.hk,Female,15.76.52.201
905,Base,Queree,bquereep4@bizjournals.com,Male,187.145.12.52
906,Wilmer,Elliott,welliottp5@answers.com,Male,3.54.228.120
907,Chantal,Durram,cdurramp6@guardian.co.uk,Female,138.224.169.63
908,Meridith,Cowdroy,mcowdroyp7@dell.com,Female,94.121.181.73
909,Madison,Menendez,mmenendezp8@i2i.jp,Male,158.118.246.40
910,Casar,Blaxill,cblaxillp9@toplist.cz,Male,90.147.249.150
911,Virgil,Boncore,vboncorepa@tiny.cc,Male,57.73.92.48
912,Freddy,Edmonds,fedmondspb@photobucket.com,Female,164.61.18.246
913,Philippine,Swallow,pswallowpc@ox.ac.uk,Female,245.218.147.146
914,Germaine,Gallegos,ggallegospd@washington.edu,Female,142.209.134.119
915,Bette,Been,bbeenpe@wix.com,Female,65.138.193.28
916,Ronalda,Ilyenko,rilyenkopf@histats.com,Female,36.221.18.243
917,Sonnie,Karchowski,skarchowskipg@eepurl.com,Female,106.214.194.115
918,Rurik,Candwell,rcandwellph@ehow.com,Male,23.160.190.32
919,Nada,Sailer,nsailerpi@purevolume.com,Female,181.87.149.245
920,Vladamir,Akers,vakerspj@nyu.edu,Male,125.202.159.19
921,Winslow,Golthorpp,wgolthorpppk@squidoo.com,Male,228.91.6.127
922,Ray,Keese,rkeesepl@narod.ru,Male,95.129.192.73
923,Esme,Messam,emessampm@tripod.com,Male,255.93.192.116
924,Tracy,Dawidman,tdawidmanpn@google.com.au,Female,202.59.118.201
925,Nevin,Naulls,nnaullspo@answers.com,Male,128.195.1.22
926,Louie,Roelofs,lroelofspp@sakura.ne.jp,Male,124.34.202.118
927,Jannelle,Chadburn,jchadburnpq@geocities.com,Female,143.118.205.166
928,Baird,Aizikovitch,baizikovitchpr@prnewswire.com,Male,46.70.25.169
929,Coretta,Bartles,cbartlesps@360.cn,Female,70.39.183.101
930,Brandyn,Jephson,bjephsonpt@forbes.com,Male,25.138.223.50
931,Lanita,MacWilliam,lmacwilliampu@google.co.uk,Female,58.153.245.146
932,Bogart,Tarver,btarverpv@umich.edu,Male,234.148.158.26
933,Emalia,Hendron,ehendronpw@weather.com,Female,103.75.197.189
934,Massimo,Harly,mharlypx@hibu.com,Male,220.20.137.46
935,Benedick,Buttrey,bbuttreypy@house.gov,Male,39.16.40.172
936,Hamish,Kingham,hkinghampz@gmpg.org,Male,10.73.28.86
937,Justus,Shervil,jshervilq0@hc360.com,Male,193.202.242.178
938,Alric,Law,alawq1@unblog.fr,Male,55.171.213.47
939,Krisha,McGiffie,kmcgiffieq2@multiply.com,Male,20.6.72.112
940,Carver,Gadsby,cgadsbyq3@privacy.gov.au,Male,228.108.113.67
941,Ulric,Hobben,uhobbenq4@com.com,Male,183.160.104.144
942,Glenine,McHale,gmchaleq5@un.org,Female,99.101.199.143
943,Valentin,Blincko,vblinckoq6@guardian.co.uk,Male,215.163.79.109
944,Dallas,Garlett,dgarlettq7@marriott.com,Male,204.172.106.69
945,Fidelia,Kristof,fkristofq8@imgur.com,Female,63.41.25.5
946,Charis,O'Dogherty,codoghertyq9@indiatimes.com,Female,141.70.215.179
947,Kahaleel,Ping,kpingqa@altervista.org,Male,255.94.123.38
948,Joachim,Eccott,jeccottqb@dmoz.org,Male,161.60.40.96
949,Pearl,McGreay,pmcgreayqc@nationalgeographic.com,Female,23.205.99.105
950,Neel,O'Lenane,nolenaneqd@cargocollective.com,Male,218.21.255.199
951,Calli,Duffil,cduffilqe@friendfeed.com,Female,177.82.121.107
952,Ray,Essame,ressameqf@furl.net,Female,91.54.150.95
953,Gianina,Aujouanet,gaujouanetqg@spotify.com,Female,58.171.216.175
954,Cecilia,Mcsarry,cmcsarryqh@businesswire.com,Female,243.203.192.101
955,Bryce,Gair,bgairqi@amazon.com,Male,242.41.56.240
956,Dorthy,Regelous,dregelousqj@unblog.fr,Female,243.103.39.56
957,Evyn,Entwhistle,eentwhistleqk@mlb.com,Male,5.74.139.155
958,Ambrosio,Aikenhead,aaikenheadql@twitter.com,Male,195.136.80.54
959,Mike,Coombes,mcoombesqm@unblog.fr,Male,58.123.179.193
960,Grange,Petera,gpeteraqn@woothemes.com,Male,0.80.64.83
961,Armando,Maddigan,amaddiganqo@blog.com,Male,40.82.91.237
962,Quinlan,Stallworthy,qstallworthyqp@harvard.edu,Male,180.99.175.169
963,Nolly,Kob,nkobqq@ezinearticles.com,Male,132.136.27.170
964,Tymon,McDonnell,tmcdonnellqr@marriott.com,Male,123.11.3.16
965,Emmanuel,Widger,ewidgerqs@jigsy.com,Male,202.219.61.88
966,Tiffany,Greenig,tgreenigqt@youtu.be,Female,9.157.233.87
967,Kaia,Mungane,kmunganequ@huffingtonpost.com,Female,8.146.198.59
968,Carr,Armitage,carmitageqv@e-recht24.de,Male,224.184.125.220
969,Fayette,Janic,fjanicqw@naver.com,Female,1.112.248.229
970,Dorris,Rustadge,drustadgeqx@icio.us,Female,134.95.10.198
971,Annadiana,Zappel,azappelqy@slate.com,Female,219.57.0.90
972,Jefferey,Jandel,jjandelqz@ucoz.ru,Male,37.208.103.140
973,Valentijn,Ellingford,vellingfordr0@vistaprint.com,Male,10.133.115.170
974,Ferguson,Swiers,fswiersr1@bbb.org,Male,223.251.151.49
975,Yetta,Brigman,ybrigmanr2@tamu.edu,Female,29.127.36.253
976,Wolfy,Chezier,wchezierr3@google.com.au,Male,108.180.125.95
977,Cordi,Norheny,cnorhenyr4@sourceforge.net,Female,241.145.89.200
978,Regan,Quested,rquestedr5@dedecms.com,Female,116.156.166.173
979,Kariotta,Vear,kvearr6@alibaba.com,Female,65.218.64.236
980,Abran,Lamburn,alamburnr7@studiopress.com,Male,174.192.140.35
981,Gaynor,Purdie,gpurdier8@bigcartel.com,Female,67.164.114.50
982,Fleming,Cartwight,fcartwightr9@stumbleupon.com,Male,86.222.198.94
983,Neel,Packe,npackera@skype.com,Male,2.57.21.26
984,Binny,Kimblen,bkimblenrb@amazon.de,Female,229.157.185.41
985,Dugald,D'Almeida,ddalmeidarc@163.com,Male,160.71.68.205
986,Beverley,Roalfe,broalferd@hc360.com,Female,102.13.24.4
987,Lian,Vyvyan,lvyvyanre@sohu.com,Female,69.67.21.226
988,Mitchell,McMichan,mmcmichanrf@va.gov,Male,196.236.122.43
989,Petrina,Ableson,pablesonrg@photobucket.com,Female,41.118.57.124
990,Tandie,Dunkerk,tdunkerkrh@whitehouse.gov,Female,4.132.134.116
991,Menard,Jacques,mjacquesri@xrea.com,Male,121.3.134.53
992,Meyer,Berrie,mberrierj@twitter.com,Male,22.94.142.4
993,Kristan,Whitwam,kwhitwamrk@bing.com,Female,143.46.20.178
994,Godwin,Dowle,gdowlerl@google.co.jp,Male,120.163.104.218
995,Emma,Nuth,enuthrm@elpais.com,Female,22.74.40.68
996,Kim,Massimi,kmassimirn@amazon.co.uk,Male,31.67.7.135
997,Lula,Vater,lvaterro@wordpress.org,Female,0.68.92.59
998,Bone,Skehan,bskehanrp@who.int,Male,83.58.151.75
999,Trudy,Epps,teppsrq@lycos.com,Female,166.185.93.4
1000,Robina,Flemyng,rflemyngrr@myspace.com,Female,212.232.24.102
